,goal,pledged,state,state_location,surplus
0,2999.0,3830.15,successful,Friuli Venezia Giulia,27.714238079359788
1,625.0,1231.0,successful,Marche,96.96000000000001
2,1300.0,2338.0,successful,Emilia-Romagna,79.84615384615384
3,3800.0,5139.0,successful,Abruzzo,35.23684210526316
4,100.0,407.0,successful,Lombardia,307.0
5,80.0,808.0,successful,Piemonte,910.0
6,8000.0,24641.0,successful,Toscana,208.0125
7,100.0,9614.0,successful,Lazio,9514.0
8,18000.0,18804.0,successful,Piemonte,4.466666666666667
9,25000.0,34097.0,successful,Lombardia,36.388
10,20000.0,76830.0,successful,Lombardia,284.15
11,9000.0,10564.0,successful,Piemonte,17.377777777777776
12,70000.0,95396.0,successful,Sicilia,36.28
13,5000.0,5820.0,successful,Piemonte,16.400000000000002
14,45000.0,574504.1,successful,Lombardia,1176.6757777777777
15,500.0,1292.0,successful,Toscana,158.4
16,10000.0,13551.0,successful,Lazio,35.510000000000005
17,1500.0,1979.0,successful,Piemonte,31.933333333333337
18,2500.0,3440.0,successful,Lombardia,37.6
19,10000.0,98256.0,successful,Sardegna,882.56
20,30000.0,193139.65,successful,Lazio,543.7988333333333
21,700.0,784.0,successful,Piemonte,12.0
22,700.0,1052.0,successful,Toscana,50.28571428571429
23,2000.0,3576.0,successful,Toscana,78.8
24,2500.0,2674.0,successful,Lombardia,6.959999999999999
25,7000.0,7553.0,successful,Piemonte,7.9
26,27.0,228.0,successful,Toscana,744.4444444444445
27,2000.0,2706.0,successful,Campania,35.3
28,2700.0,2961.0,successful,Lombardia,9.666666666666666
29,1900.0,2217.0,successful,Piemonte,16.68421052631579
30,1500.0,1621.0,successful,Toscana,8.066666666666666
31,300.0,9385.0,successful,Toscana,3028.3333333333335
32,20000.0,27370.17,successful,Piemonte,36.850849999999994
33,200.0,5344.0,successful,Veneto,2572.0
34,10.0,50.0,successful,Toscana,400.0
35,150.0,205.0,successful,Friuli Venezia Giulia,36.666666666666664
36,2000.0,6367.0,successful,Piemonte,218.35
37,400.0,408.0,successful,Lazio,2.0
38,150.0,332.0,successful,Lazio,121.33333333333334
39,10000.0,267790.48,successful,Liguria,2577.9048
40,870.0,1183.75,successful,Piemonte,36.06321839080459
41,3200.0,3685.0,successful,Emilia-Romagna,15.156249999999998
42,10.0,10.0,successful,Lombardia,0.0
43,750.0,801.0,successful,Lombardia,6.800000000000001
44,3000.0,3604.0,successful,Umbria,20.133333333333333
45,250.0,262.0,successful,Lombardia,4.8
46,980.0,3531.0,successful,Piemonte,260.3061224489796
47,6000.0,13027.0,successful,Lombardia,117.11666666666667
48,2000.0,2478.0,successful,Piemonte,23.9
49,1200.0,1882.0,successful,Toscana,56.833333333333336
50,100.0,395.0,successful,Lombardia,295.0
51,625.0,2026.0,successful,Marche,224.16
52,8000.0,8196.0,successful,Emilia-Romagna,2.45
53,800.0,1998.0,successful,Piemonte,149.75
54,1500.0,4541.0,successful,Lazio,202.73333333333335
55,20000.0,25925.0,successful,Emilia-Romagna,29.625
56,500.0,518.0,successful,Friuli Venezia Giulia,3.5999999999999996
57,10000.0,11100.0,successful,Toscana,11.0
58,1800.0,1811.0,successful,Umbria,0.6111111111111112
59,4000.0,4150.0,successful,Piemonte,3.75
60,5000.0,5389.0,successful,Lombardia,7.779999999999999
61,4000.0,7222.0,successful,Lombardia,80.55
62,30000.0,44759.0,successful,Piemonte,49.196666666666665
63,20000.0,72598.0,successful,Piemonte,262.99
64,20000.0,295022.0,successful,Piemonte,1375.11
65,500.0,1878.0,successful,Liguria,275.59999999999997
66,1100.0,1431.0,successful,Piemonte,30.09090909090909
67,1300.0,1300.0,successful,Lombardia,0.0
68,4000.0,15464.0,successful,Abruzzo,286.6
69,2500.0,2558.0,successful,Lombardia,2.32
70,800.0,879.0,successful,Sardegna,9.875
71,10.0,21.0,successful,Lombardia,110.00000000000001
72,4000.0,12910.0,successful,Veneto,222.75
73,20000.0,91946.0,successful,Campania,359.73
74,4000.0,10061.0,successful,Campania,151.525
75,500.0,2579.0,successful,Veneto,415.8
76,5000.0,12757.0,successful,Lombardia,155.14
77,500.0,510.0,successful,Piemonte,2.0
78,6000.0,17193.0,successful,Piemonte,186.54999999999998
79,400.0,521.0,successful,Lombardia,30.25
80,1500.0,3002.0,successful,Lazio,100.13333333333334
81,2000.0,8245.0,successful,Lombardia,312.25
82,2000.0,74516.0,successful,Toscana,3625.8
83,500.0,1584.0,successful,Toscana,216.8
84,100.0,140.0,successful,Piemonte,40.0
85,7000.0,7473.0,successful,Piemonte,6.757142857142857
86,600.0,1728.0,successful,Marche,188.0
87,15000.0,47175.0,successful,Lombardia,214.5
88,4850.0,5689.0,successful,Piemonte,17.29896907216495
89,750.0,921.0,successful,Marche,22.8
90,15000.0,497988.0,successful,Veneto,3219.9199999999996
91,500.0,528.0,successful,Emilia-Romagna,5.6000000000000005
92,50000.0,56806.0,successful,Trentino-Alto Adige,13.611999999999998
93,35000.0,117473.0,successful,Emilia-Romagna,235.6371428571429
94,1000.0,1800.0,successful,Lombardia,80.0
95,3000.0,3094.0,successful,Lombardia,3.1333333333333333
96,1500.0,2130.0,successful,Lombardia,42.0
97,100.0,202.0,successful,Piemonte,102.0
98,987.0,3387.0,successful,Friuli Venezia Giulia,243.161094224924
99,500.0,788.0,successful,Lombardia,57.599999999999994
100,9000.0,52047.0,successful,Piemonte,478.3
101,8000.0,8588.0,successful,Lombardia,7.35
102,3000.0,3492.0,successful,Lombardia,16.400000000000002
103,5000.0,6523.0,successful,Emilia-Romagna,30.459999999999997
104,70000.0,390535.0,successful,Umbria,457.9071428571429
105,100.0,289.0,successful,Piemonte,189.0
106,500.0,1392.0,successful,Lombardia,178.4
107,20.0,122.0,successful,Veneto,509.99999999999994
108,3000.0,23129.0,successful,Toscana,670.9666666666666
109,100.0,115.0,successful,Piemonte,15.0
110,1000.0,1088.0,successful,Lazio,8.799999999999999
111,50000.0,57566.44,successful,Friuli Venezia Giulia,15.132880000000004
112,4666.0,6483.0,successful,Toscana,38.941277325332194
113,5000.0,29002.0,successful,Lombardia,480.03999999999996
114,500.0,894.0,successful,Piemonte,78.8
115,1500.0,1820.0,successful,Toscana,21.333333333333336
116,1500.0,5882.0,successful,Piemonte,292.1333333333333
117,22000.0,28855.0,successful,Lombardia,31.15909090909091
118,3000.0,8598.0,successful,Piemonte,186.60000000000002
119,2000.0,2110.0,successful,Toscana,5.5
120,10000.0,11278.0,successful,Lombardia,12.78
121,20000.0,136336.2,successful,Lombardia,581.681
122,10200.0,22348.0,successful,Piemonte,119.09803921568627
123,1500.0,1690.0,successful,Piemonte,12.666666666666668
124,3000.0,3021.0,successful,Lombardia,0.7000000000000001
125,28000.0,39144.6,successful,Lombardia,39.802142857142854
126,5000.0,5133.0,successful,Emilia-Romagna,2.6599999999999997
127,500.0,647.0,successful,Piemonte,29.4
128,4000.0,19011.0,successful,Lombardia,375.275
129,500.0,819.0,successful,Toscana,63.800000000000004
130,10000.0,11012.0,successful,Veneto,10.12
131,3000.0,28706.04,successful,Lazio,856.868
132,5275.0,19554.0,successful,Emilia-Romagna,270.6919431279621
133,3000.0,7723.0,successful,Piemonte,157.43333333333334
134,300000.0,322202.0,successful,Toscana,7.400666666666666
135,5000.0,5661.0,successful,Friuli Venezia Giulia,13.22
136,900.0,1237.0,successful,Friuli Venezia Giulia,37.44444444444445
137,250.0,1481.0,successful,Piemonte,492.40000000000003
138,5000.0,7459.0,successful,Puglia,49.18
139,2900.0,2906.0,successful,Abruzzo,0.20689655172413793
140,6000.0,6032.7,successful,Sicilia,0.5449999999999969
141,500.0,866.0,successful,Toscana,73.2
142,55000.0,314431.69,successful,Umbria,471.69398181818184
143,2000.0,7139.0,successful,Piemonte,256.95
144,8400.0,15953.0,successful,Emilia-Romagna,89.91666666666667
145,500.0,510.0,successful,Puglia,2.0
146,1200.0,1250.0,successful,Marche,4.166666666666666
147,700.0,2269.0,successful,Lombardia,224.14285714285717
148,2000.0,2112.0,successful,Sardegna,5.6000000000000005
149,10000.0,21477.0,successful,Lazio,114.77
150,23000.0,23000.0,successful,Lombardia,0.0
151,250.0,2025.22,successful,Piemonte,710.088
152,500.0,682.0,successful,Piemonte,36.4
153,3000.0,3163.0,successful,Piemonte,5.433333333333333
154,50000.0,145829.0,successful,Piemonte,191.658
155,10000.0,10266.0,successful,Toscana,2.6599999999999997
156,1500.0,2869.0,successful,Toscana,91.26666666666667
157,1500.0,1505.34,successful,Lazio,0.35599999999999454
158,2500.0,2535.0,successful,Lombardia,1.4000000000000001
159,16000.0,27482.0,successful,Lombardia,71.76249999999999
160,50.0,50.0,successful,Lazio,0.0
161,3000.0,4064.8,successful,Piemonte,35.49333333333334
162,300.0,506.0,successful,Toscana,68.66666666666667
163,50000.0,1048988.8,successful,Lombardia,1997.9776000000002
164,15000.0,15280.0,successful,Lazio,1.866666666666667
165,20000.0,300765.0,successful,Lombardia,1403.825
166,350.0,731.0,successful,Lazio,108.85714285714285
167,400.0,2588.5,successful,Lazio,547.125
168,2500.0,2957.0,successful,Lombardia,18.279999999999998
169,3800.0,5546.0,successful,Toscana,45.94736842105263
170,1000.0,2975.0,successful,Toscana,197.5
171,400.0,665.0,successful,Lazio,66.25
172,2600.0,10549.0,successful,Lombardia,305.7307692307692
173,450.0,461.0,successful,Lazio,2.4444444444444446
174,350.0,488.0,successful,Piemonte,39.42857142857143
175,7000.0,15524.0,successful,Veneto,121.77142857142857
176,5000.0,140940.0,successful,Toscana,2718.7999999999997
177,12500.0,12748.0,successful,Lazio,1.984
178,750.0,750.0,successful,Toscana,0.0
179,24000.0,431901.0,successful,Lombardia,1699.5875
180,300.0,413.0,successful,Toscana,37.666666666666664
181,2000.0,2681.0,successful,Lazio,34.050000000000004
182,2400.0,2400.0,successful,Veneto,0.0
183,3000.0,7457.0,successful,Friuli Venezia Giulia,148.56666666666666
184,7000.0,9032.0,successful,Piemonte,29.028571428571425
185,4000.0,4270.0,successful,Piemonte,6.75
186,8000.0,23907.96,successful,Lombardia,198.84949999999998
187,350.0,1728.0,successful,Lazio,393.7142857142857
188,1500.0,1513.0,successful,Valle d'Aosta,0.8666666666666666
189,1000.0,2563.0,successful,Veneto,156.29999999999998
190,3500.0,3623.0,successful,Emilia-Romagna,3.5142857142857142
191,20000.0,104491.0,successful,Piemonte,422.455
192,3000.0,3085.0,successful,Friuli Venezia Giulia,2.833333333333333
193,1200.0,1268.37,successful,Lombardia,5.697499999999991
194,20000.0,26382.0,successful,Piemonte,31.91
195,10000.0,10050.0,successful,Piemonte,0.5
196,2000.0,2086.0,successful,Lombardia,4.3
197,6200.0,20410.0,successful,Liguria,229.19354838709677
198,1500.0,1843.0,successful,Toscana,22.866666666666667
199,8000.0,20901.0,successful,Piemonte,161.2625
200,6999.0,11053.0,successful,Campania,57.92256036576654
201,5500.0,5786.0,successful,Lombardia,5.2
202,100.0,226.0,successful,Lazio,126.0
203,430.0,1139.0,successful,Lombardia,164.88372093023256
204,4000.0,9669.47,successful,Piemonte,141.73675
205,13000.0,13860.0,successful,Emilia-Romagna,6.615384615384616
206,30000.0,34573.0,successful,Piemonte,15.243333333333334
207,15000.0,15317.37,successful,Toscana,2.115800000000005
208,1500.0,3039.5,successful,Toscana,102.63333333333333
209,3000.0,12029.0,successful,Piemonte,300.96666666666664
210,2000.0,2064.0,successful,Umbria,3.2
211,300.0,768.0,successful,Sardegna,156.0
212,20000.0,21841.0,successful,Lombardia,9.205
213,8000.0,26413.0,successful,Piemonte,230.1625
214,1200.0,1415.3,successful,Piemonte,17.941666666666663
215,250.0,2092.0,successful,Piemonte,736.8000000000001
216,17000.0,19025.0,successful,Sicilia,11.911764705882351
217,1800.0,7250.0,successful,Liguria,302.77777777777777
218,1500.0,3318.0,successful,Lombardia,121.2
219,110.0,110.0,successful,Piemonte,0.0
220,10000.0,10608.01,successful,Umbria,6.0801000000000025
221,10000.0,12813.0,successful,Veneto,28.13
222,50.0,61.0,successful,Marche,22.0
223,6999.0,14529.0,successful,Lombardia,107.58679811401628
224,3000.0,5252.0,successful,Lombardia,75.06666666666668
225,20000.0,22109.6,successful,Lombardia,10.547999999999993
226,100.0,17909.0,successful,Veneto,17809.0
227,999.0,1520.0,successful,Lombardia,52.152152152152155
228,1200.0,1894.0,successful,Marche,57.833333333333336
229,4000.0,4600.0,successful,Lombardia,15.0
230,5000.0,18970.0,successful,Lombardia,279.4
231,260.0,547.0,successful,Lombardia,110.38461538461539
232,2000.0,2020.0,successful,Lazio,1.0
233,2500.0,27644.0,successful,Lombardia,1005.7600000000001
234,18000.0,43170.5,successful,Piemonte,139.8361111111111
235,15000.0,29782.0,successful,Lombardia,98.54666666666667
236,80.0,2646.0,successful,Piemonte,3207.5000000000005
237,600.0,958.0,successful,Lazio,59.66666666666667
238,550.0,582.0,successful,Piemonte,5.818181818181818
239,2000.0,2010.0,successful,Sardegna,0.5
240,28000.0,44556.0,successful,Umbria,59.12857142857143
241,3000.0,3326.0,successful,Piemonte,10.866666666666665
242,20000.0,34152.01,successful,Lazio,70.76005
243,900.0,1195.0,successful,Liguria,32.77777777777778
244,17000.0,54273.0,successful,Lombardia,219.25294117647059
245,19000.0,25414.0,successful,Piemonte,33.757894736842104
246,1000.0,1012.0,successful,Sardegna,1.2
247,8000.0,81125.0,successful,Piemonte,914.0625
248,1000.0,4017.0,successful,Lombardia,301.7
249,9000.0,110128.0,successful,Piemonte,1123.6444444444444
250,250.0,250.0,successful,Lazio,0.0
251,7500.0,8334.99,successful,Marche,11.133199999999997
252,60000.0,75225.0,successful,Piemonte,25.374999999999996
253,4000.0,177156.0,successful,Toscana,4328.900000000001
254,10000.0,67336.8,successful,Lombardia,573.368
255,250.0,1261.0,successful,Piemonte,404.4
256,3500.0,4459.0,successful,Lazio,27.400000000000002
257,600.0,613.0,successful,Lazio,2.166666666666667
258,8500.0,8782.0,successful,Emilia-Romagna,3.317647058823529
259,3700.0,7633.0,successful,Piemonte,106.29729729729729
260,4000.0,4191.0,successful,Piemonte,4.775
261,4000.0,4203.0,successful,Piemonte,5.075
262,15000.0,24173.0,successful,Lombardia,61.153333333333336
263,50.0,51.0,successful,Lombardia,2.0
264,70000.0,656903.0,successful,Lazio,838.4328571428572
265,10000.0,10965.0,successful,Piemonte,9.65
266,2500.0,2539.0,successful,Lombardia,1.5599999999999998
267,500.0,752.0,successful,Toscana,50.4
268,6000.0,16033.0,successful,Trentino-Alto Adige,167.21666666666667
269,35000.0,35954.0,successful,Lazio,2.725714285714286
270,10000.0,10337.0,successful,Piemonte,3.37
271,2500.0,2948.0,successful,Lombardia,17.919999999999998
272,2000.0,49927.0,successful,Lombardia,2396.35
273,8000.0,15005.01,successful,Emilia-Romagna,87.56262500000001
274,400.0,1022.0,successful,Toscana,155.5
275,1.0,99.0,successful,Veneto,9800.0
276,50000.0,222254.0,successful,Lombardia,344.508
277,3000.0,9289.0,successful,Lombardia,209.63333333333333
278,80.0,1003.0,successful,Lombardia,1153.75
279,600.0,2090.0,successful,Piemonte,248.33333333333334
280,4000.0,4117.0,successful,Piemonte,2.9250000000000003
281,8000.0,136369.66,successful,Emilia-Romagna,1604.62075
282,10000.0,72194.0,successful,Lombardia,621.94
283,2000.0,3121.0,successful,Lombardia,56.05
284,5000.0,5001.0,successful,Piemonte,0.02
285,500.0,1452.0,successful,Toscana,190.39999999999998
286,25000.0,31602.0,successful,Liguria,26.407999999999998
287,2000.0,2312.0,successful,Emilia-Romagna,15.6
288,700.0,1839.0,successful,Calabria,162.71428571428572
289,2000.0,2103.0,successful,Lombardia,5.1499999999999995
290,8000.0,50502.0,successful,Piemonte,531.275
291,3000.0,28682.0,successful,Emilia-Romagna,856.0666666666666
292,4000.0,7308.0,successful,Lombardia,82.69999999999999
293,20000.0,21493.0,successful,Piemonte,7.465
294,5000.0,5245.0,successful,Lombardia,4.9
295,4000.0,19242.0,successful,Lazio,381.05
296,600.0,611.0,successful,Piemonte,1.8333333333333333
297,10000.0,11348.51,successful,Campania,13.485100000000003
298,395.0,431.0,successful,Veneto,9.113924050632912
299,35000.0,36432.0,successful,Toscana,4.091428571428572
300,10000.0,11196.0,successful,Lombardia,11.959999999999999
301,10000.0,11585.0,successful,Lombardia,15.85
302,10000.0,62467.0,successful,Lombardia,524.67
303,350.0,3317.0,successful,Lazio,847.7142857142857
304,18000.0,18892.0,successful,Piemonte,4.955555555555556
305,20000.0,22036.0,successful,Piemonte,10.18
306,50.0,191.0,successful,Veneto,282.0
307,10000.0,201743.23,successful,Lombardia,1917.4323000000002
308,6000.0,6105.0,successful,Piemonte,1.7500000000000002
309,17000.0,47383.0,successful,Lombardia,178.7235294117647
310,130000.0,142500.13,successful,Campania,9.615484615384618
311,4500.0,4582.0,successful,Lazio,1.8222222222222224
312,5000.0,5635.0,successful,Piemonte,12.7
313,2000.0,6535.0,successful,Piemonte,226.75
314,15000.0,20630.0,successful,Lombardia,37.53333333333334
315,500.0,1000.0,successful,Piemonte,100.0
316,10000.0,13500.0,successful,Friuli Venezia Giulia,35.0
317,550.0,550.0,successful,Emilia-Romagna,0.0
318,1000.0,4277.0,successful,Piemonte,327.7
319,7000.0,7531.0,successful,Veneto,7.585714285714286
320,1600.0,1626.0,successful,Lombardia,1.625
321,5000.0,51369.0,successful,Lombardia,927.38
322,400.0,790.0,successful,Piemonte,97.5
323,4000.0,16067.0,successful,Emilia-Romagna,301.675
324,5000.0,11238.0,successful,Lombardia,124.76
325,10000.0,11516.99,successful,Lombardia,15.169899999999997
326,2000.0,2600.0,successful,Piemonte,30.0
327,350.0,3137.0,successful,Piemonte,796.2857142857142
328,5000.0,11121.5,successful,Lombardia,122.42999999999999
329,3000.0,3761.0,successful,Lombardia,25.366666666666664
330,1000.0,2777.0,successful,Piemonte,177.7
331,2000.0,2534.0,successful,Umbria,26.700000000000003
332,1000.0,1039.0,successful,Friuli Venezia Giulia,3.9
333,1000.0,1365.0,successful,Piemonte,36.5
334,40000.0,43180.0,successful,Veneto,7.95
335,1200.0,1303.0,successful,Friuli Venezia Giulia,8.583333333333334
336,9200.0,25319.0,successful,Piemonte,175.20652173913044
337,16900.0,17349.0,successful,Lazio,2.6568047337278107
338,2500.0,2600.0,successful,Emilia-Romagna,4.0
339,149.0,237.0,successful,Emilia-Romagna,59.06040268456376
340,3000.0,119318.71,successful,Toscana,3877.2903333333334
341,600.0,639.0,successful,Emilia-Romagna,6.5
342,25000.0,33032.0,successful,Piemonte,32.128
343,1200.0,6458.0,successful,Liguria,438.1666666666667
344,7500.0,7735.0,successful,Valle d'Aosta,3.1333333333333333
345,20000.0,347112.5,successful,Umbria,1635.5625
346,550.0,860.0,successful,Piemonte,56.36363636363636
347,9000.0,9067.0,successful,Lazio,0.7444444444444445
348,500.0,516.0,successful,Piemonte,3.2
349,450.0,820.0,successful,Piemonte,82.22222222222221
350,3000.0,3045.0,successful,Friuli Venezia Giulia,1.5
351,8500.0,9141.37,successful,Lombardia,7.545529411764715
352,8000.0,8349.0,successful,Lombardia,4.3625
353,300.0,3536.0,successful,Piemonte,1078.6666666666667
354,40000.0,74772.0,successful,Lombardia,86.92999999999999
355,9000.0,9073.0,successful,Lombardia,0.8111111111111111
356,2000.0,2832.0,successful,Campania,41.6
357,16000.0,27765.0,successful,Veneto,73.53125
358,1500.0,1557.0,successful,Lombardia,3.8
359,6000.0,6285.0,successful,Piemonte,4.75
360,7500.0,12220.0,successful,Lazio,62.93333333333333
361,1000.0,5736.0,successful,Liguria,473.59999999999997
362,29000.0,32071.0,successful,Toscana,10.589655172413794
363,550.0,551.0,successful,Piemonte,0.18181818181818182
364,1000.0,6615.0,successful,Toscana,561.5
365,39000.0,61328.0,successful,Veneto,57.25128205128205
366,20000.0,53991.0,successful,Piemonte,169.95499999999998
367,3000.0,16195.5,successful,Campania,439.85
368,1150.0,1218.0,successful,Lombardia,5.913043478260869
369,2000.0,2159.0,successful,Lazio,7.95
370,4000.0,18694.0,successful,Lombardia,367.35
371,1500.0,2260.0,successful,Emilia-Romagna,50.66666666666667
372,17000.0,50384.0,successful,Lombardia,196.3764705882353
373,3000.0,3293.0,successful,Piemonte,9.766666666666666
374,2000.0,12292.0,successful,Toscana,514.6
375,2000.0,2925.0,successful,Toscana,46.25
376,15000.0,35790.0,successful,Piemonte,138.6
377,2500.0,2757.0,successful,Lombardia,10.280000000000001
378,400.0,2635.0,successful,Lombardia,558.75
379,200.0,1071.0,successful,Toscana,435.50000000000006
380,40000.0,89213.0,successful,Lombardia,123.03249999999998
381,1200.0,1288.0,successful,Emilia-Romagna,7.333333333333333
382,50.0,141.0,successful,Veneto,182.0
383,10000.0,24526.0,successful,Puglia,145.26
384,1500.0,4808.0,successful,Toscana,220.53333333333333
385,100000.0,111662.41,successful,Lombardia,11.662410000000003
386,200.0,201.0,successful,Friuli Venezia Giulia,0.5
387,5000.0,30308.5,successful,Lazio,506.17
388,15000.0,93813.0,successful,Veneto,525.42
389,600.0,619.0,successful,Piemonte,3.166666666666667
390,3500.0,3669.0,successful,Lombardia,4.828571428571428
391,250.0,276.0,successful,Piemonte,10.4
392,80.0,2170.0,successful,Piemonte,2612.5
393,100.0,100.0,successful,Sardegna,0.0
394,20000.0,22377.0,successful,Lazio,11.885
395,8000.0,8167.0,successful,Veneto,2.0875
396,1000.0,2619.5,successful,Piemonte,161.95
397,10000.0,10679.6,successful,Lombardia,6.796000000000004
398,16000.0,37227.0,successful,Piemonte,132.66875
399,1000.0,1000.0,successful,Piemonte,0.0
400,500.0,2387.0,successful,Piemonte,377.4
401,1.0,612.0,successful,Veneto,61100.0
402,10000.0,11583.0,successful,Emilia-Romagna,15.83
403,79.0,319.0,successful,Emilia-Romagna,303.7974683544304
404,4000.0,4134.0,successful,Lombardia,3.35
405,50.0,1541.0,successful,Lombardia,2982.0
406,100.0,106.0,successful,Emilia-Romagna,6.0
407,1200.0,2944.0,successful,Piemonte,145.33333333333334
408,1.0,826.0,successful,Piemonte,82500.0
409,3000.0,9956.0,successful,Toscana,231.86666666666667
410,8200.0,18276.0,successful,Piemonte,122.8780487804878
411,20000.0,21286.0,successful,Lazio,6.43
412,4000.0,11102.0,successful,Piemonte,177.55
413,400.0,1587.0,successful,Toscana,296.75
414,6000.0,7474.0,successful,Lombardia,24.566666666666666
415,2500.0,25517.0,successful,Friuli Venezia Giulia,920.68
416,7500.0,10049.0,successful,Veneto,33.986666666666665
417,79.0,228.0,successful,Emilia-Romagna,188.60759493670886
418,3500.0,4927.0,successful,Liguria,40.77142857142857
419,1000.0,1000.0,successful,Liguria,0.0
420,12000.0,16311.05,successful,Piemonte,35.925416666666656
421,1800.0,3506.38,successful,Lombardia,94.7988888888889
422,5000.0,15736.5,successful,Piemonte,214.73
423,1000.0,1018.0,successful,Lombardia,1.7999999999999998
424,8000.0,143853.5,successful,Piemonte,1698.16875
425,6000.0,8702.0,successful,Piemonte,45.03333333333333
426,20000.0,64216.0,successful,Lombardia,221.07999999999998
427,30000.0,30587.0,successful,Lazio,1.9566666666666666
428,200.0,201.0,successful,Abruzzo,0.5
429,5000.0,5200.0,successful,Emilia-Romagna,4.0
430,10000.0,20530.0,successful,Lombardia,105.3
431,7500.0,8253.0,successful,Sicilia,10.040000000000001
432,3500.0,3641.62,successful,Lazio,4.046285714285712
433,900.0,1826.0,successful,Lombardia,102.8888888888889
434,10000.0,14406.0,successful,Lombardia,44.06
435,500.0,531.0,successful,Lazio,6.2
436,1000.0,1016.0,successful,Marche,1.6
437,500.0,512.0,successful,Lazio,2.4
438,1000.0,1755.0,successful,Emilia-Romagna,75.5
439,1500.0,1515.0,successful,Piemonte,1.0
440,200.0,699.0,successful,Toscana,249.5
441,350.0,3334.0,successful,Sicilia,852.5714285714284
442,4500.0,62020.5,successful,Veneto,1278.2333333333333
443,10000.0,10231.0,successful,Piemonte,2.31
444,1000.0,1024.0,successful,Calabria,2.4
445,8000.0,18249.0,successful,Emilia-Romagna,128.1125
446,2000.0,2171.0,successful,Friuli Venezia Giulia,8.55
447,2000.0,2665.77,successful,Basilicata,33.2885
448,4700.0,5019.0,successful,Lombardia,6.787234042553192
449,2500.0,2511.0,successful,Campania,0.44
450,5000.0,7825.0,successful,Piemonte,56.49999999999999
451,20000.0,21772.0,successful,Lombardia,8.86
452,12000.0,12337.0,successful,Lombardia,2.808333333333333
453,2000.0,8188.0,successful,Piemonte,309.4
454,2500.0,2526.0,successful,Lombardia,1.04
455,1500.0,2867.0,successful,Marche,91.13333333333333
456,15000.0,169607.0,successful,Veneto,1030.7133333333334
457,7000.0,8004.0,successful,Lazio,14.342857142857143
458,980.0,1891.0,successful,Abruzzo,92.9591836734694
459,2200.0,2269.5,successful,Toscana,3.159090909090909
460,1500.0,1510.0,successful,Piemonte,0.6666666666666667
461,1100.0,1435.0,successful,Lazio,30.454545454545457
462,5000.0,6850.0,successful,Lombardia,37.0
463,500.0,658.0,successful,Piemonte,31.6
464,3500.0,3791.0,successful,Piemonte,8.314285714285715
465,250.0,2016.0,successful,Piemonte,706.4
466,2000.0,2930.0,successful,Emilia-Romagna,46.5
467,1200.0,1222.0,successful,Piemonte,1.8333333333333333
468,20000.0,155679.84,successful,Lazio,678.3992
469,1200.0,1944.0,successful,Piemonte,62.0
470,20000.0,24178.0,successful,Lazio,20.89
471,10000.0,19135.0,successful,Friuli Venezia Giulia,91.35
472,50000.0,72121.0,successful,Marche,44.242
473,400.0,9775.0,successful,Toscana,2343.75
474,1000.0,2000.0,successful,Emilia-Romagna,100.0
475,500.0,500.0,successful,Piemonte,0.0
476,600.0,1431.0,successful,Campania,138.5
477,25000.0,25787.0,successful,Campania,3.148
478,1750.0,1831.0,successful,Piemonte,4.628571428571428
479,1500.0,4123.0,successful,Toscana,174.86666666666665
480,17000.0,36322.0,successful,Lombardia,113.65882352941176
481,15000.0,15470.0,successful,Lazio,3.1333333333333333
482,4000.0,4080.0,successful,Lazio,2.0
483,15000.0,15573.0,successful,Puglia,3.82
484,4850.0,9395.0,successful,Piemonte,93.71134020618557
485,1500.0,9411.0,successful,Sardegna,527.4
486,3000.0,33213.0,successful,Lombardia,1007.1
487,100.0,3358.0,successful,Toscana,3258.0
488,3000.0,17865.58,successful,Emilia-Romagna,495.5193333333334
489,9800.0,10837.0,successful,Piemonte,10.581632653061225
490,7000.0,7949.0,successful,Lombardia,13.557142857142857
491,10000.0,24302.0,successful,Piemonte,143.01999999999998
492,10000.0,10520.0,successful,Veneto,5.2
493,2500.0,3340.0,successful,Lombardia,33.6
494,7777.0,32905.0,successful,Lombardia,323.10659637392314
495,800.0,2314.0,successful,Lazio,189.25
496,15000.0,15579.0,successful,Marche,3.8600000000000003
497,3000.0,3213.0,successful,Lombardia,7.1
498,100.0,1123.0,successful,Lazio,1023.0
499,3000.0,9267.5,successful,Lombardia,208.91666666666669
500,400.0,1169.0,successful,Piemonte,192.25
501,5000.0,6152.75,successful,Lazio,23.055
502,53000.0,564915.56,successful,Lazio,965.8784150943397
503,500.0,2539.0,successful,Lombardia,407.8
504,6500.0,6659.85,successful,Lazio,2.459230769230775
505,1500.0,1604.0,successful,Lombardia,6.933333333333333
506,40000.0,40320.25,successful,Lombardia,0.8006249999999999
507,45000.0,50402.05,successful,Emilia-Romagna,12.00455555555556
508,100.0,113.0,successful,Lombardia,13.0
509,500.0,541.0,successful,Lazio,8.200000000000001
510,350.0,371.0,successful,Lazio,6.0
511,50000.0,60076.0,successful,Lombardia,20.152
512,100.0,403.0,successful,Piemonte,303.0
513,12400.0,19574.0,successful,Lombardia,57.854838709677416
514,11208.0,12852.0,successful,Lombardia,14.668094218415417
515,5500.0,11879.0,successful,Veneto,115.98181818181818
516,15000.0,202731.0,successful,Liguria,1251.54
517,10000.0,11944.0,successful,Campania,19.439999999999998
518,20000.0,101960.6,successful,Emilia-Romagna,409.80300000000005
519,1.0,88.0,successful,Piemonte,8700.0
520,39.0,218.0,successful,Lombardia,458.97435897435895
521,25000.0,25550.0,successful,Toscana,2.1999999999999997
522,1200.0,1346.0,successful,Marche,12.166666666666668
523,50.0,236.0,successful,Veneto,372.0
524,600.0,600.0,successful,Liguria,0.0
525,8000.0,46258.0,successful,Piemonte,478.225
526,15000.0,69740.28,successful,Puglia,364.9352
527,7000.0,7004.0,successful,Lazio,0.05714285714285715
528,220.0,240.0,successful,Lazio,9.090909090909092
529,15000.0,15376.3,successful,Lazio,2.5086666666666617
530,15000.0,26569.0,successful,Campania,77.12666666666667
531,1000.0,1068.0,successful,Piemonte,6.800000000000001
532,5000.0,5398.0,successful,Campania,7.960000000000001
533,8000.0,133591.0,successful,Lombardia,1569.8874999999998
534,1000.0,12097.0,successful,Piemonte,1109.7
535,250.0,2708.0,successful,Lazio,983.2
536,250.0,1067.0,successful,Toscana,326.79999999999995
537,3500.0,25087.0,successful,Sardegna,616.7714285714286
538,17000.0,41332.0,successful,Lombardia,143.12941176470588
539,7000.0,7461.0,successful,Lombardia,6.585714285714285
540,5500.0,6093.0,successful,Toscana,10.781818181818181
541,20000.0,74751.0,successful,Piemonte,273.755
542,1800.0,1815.0,successful,Lombardia,0.8333333333333334
543,7777.0,28565.0,successful,Lombardia,267.3010158158673
544,100.0,5256.0,successful,Toscana,5156.0
545,12000.0,12221.0,successful,Lazio,1.8416666666666668
546,250.0,1680.0,successful,Lombardia,572.0
547,150.0,150.0,successful,Lazio,0.0
548,80.0,1504.0,successful,Piemonte,1780.0
549,5000.0,5490.0,successful,Piemonte,9.8
550,1000.0,27074.0,successful,Toscana,2607.4
551,3700.0,3710.0,successful,Lazio,0.2702702702702703
552,8400.0,36710.5,successful,Lombardia,337.0297619047619
553,35000.0,485603.0,successful,Lombardia,1287.4371428571428
554,16000.0,46343.7,successful,Lazio,189.648125
555,5000.0,5137.0,successful,Toscana,2.74
556,10.0,103.0,successful,Campania,930.0000000000001
557,18.0,2430.0,successful,Piemonte,13400.0
558,5835.0,18673.0,successful,Lombardia,220.0171379605827
559,1000.0,1048.0,successful,Lazio,4.8
560,1500.0,1871.0,successful,Lombardia,24.73333333333333
561,9000.0,11625.0,successful,Trentino-Alto Adige,29.166666666666668
562,7000.0,21014.0,successful,Piemonte,200.2
563,15000.0,17801.0,successful,Piemonte,18.673333333333332
564,4500.0,7569.0,successful,Lombardia,68.2
565,4000.0,6007.0,successful,Lombardia,50.175000000000004
566,2500.0,8911.0,successful,Piemonte,256.44
567,4860.0,17519.0,successful,Piemonte,260.4732510288066
568,3200.0,4196.0,successful,Lombardia,31.125000000000004
569,4000.0,24243.96,successful,Lazio,506.09899999999993
570,800.0,1059.0,successful,Veneto,32.375
571,2500.0,13186.8,successful,Toscana,427.4719999999999
572,16000.0,19345.0,successful,Lombardia,20.90625
573,40.0,83.0,successful,Emilia-Romagna,107.5
574,30000.0,32153.0,successful,Piemonte,7.176666666666668
575,3720.0,3992.0,successful,Sicilia,7.311827956989248
576,2000.0,9315.0,successful,Toscana,365.75
577,12500.0,12550.0,successful,Toscana,0.4
578,3000.0,16636.0,successful,Sardegna,454.53333333333336
579,500.0,1643.0,successful,Toscana,228.6
580,1500.0,1967.76,successful,Toscana,31.184
581,550.0,1278.0,successful,Toscana,132.36363636363637
582,25000.0,36268.0,successful,Emilia-Romagna,45.072
583,500.0,564.0,successful,Piemonte,12.8
584,50000.0,52744.0,successful,Lombardia,5.4879999999999995
585,2500.0,2720.0,successful,Lombardia,8.799999999999999
586,2500.0,2500.88,successful,Piemonte,0.03520000000000436
587,9000.0,9524.0,successful,Lombardia,5.822222222222222
588,2700.0,3029.07,successful,Lombardia,12.187777777777784
589,9000.0,34476.0,successful,Piemonte,283.06666666666666
590,4500.0,4803.0,successful,Lombardia,6.7333333333333325
591,100.0,956.0,successful,Lombardia,856.0
592,1250.0,4357.14,successful,Sicilia,248.57120000000003
593,20000.0,20725.0,successful,Piemonte,3.6249999999999996
594,14000.0,49679.0,successful,Friuli Venezia Giulia,254.85000000000002
595,1600.0,1638.0,successful,Piemonte,2.375
596,4500.0,5228.0,successful,Lombardia,16.177777777777777
597,2800.0,3035.0,successful,Lombardia,8.392857142857142
598,1000.0,1795.0,successful,Lombardia,79.5
599,1000.0,4512.0,successful,Emilia-Romagna,351.2
600,300.0,404.0,successful,Veneto,34.66666666666667
601,3000.0,10018.0,successful,Toscana,233.93333333333334
602,15000.0,218624.0,successful,Piemonte,1357.4933333333333
603,15500.0,17235.0,successful,Piemonte,11.193548387096774
604,15000.0,183578.0,successful,Umbria,1123.8533333333332
605,6500.0,8643.0,successful,Trentino-Alto Adige,32.96923076923077
606,15000.0,134578.5,successful,Emilia-Romagna,797.1899999999999
607,500.0,1396.0,successful,Veneto,179.20000000000002
608,2000.0,2135.0,successful,Trentino-Alto Adige,6.75
609,5000.0,5237.0,successful,Piemonte,4.74
610,6000.0,6727.0,successful,Lombardia,12.116666666666667
611,20000.0,45342.0,successful,Lombardia,126.71
612,30000.0,30292.0,successful,Lombardia,0.9733333333333334
613,400.0,2330.0,successful,Lombardia,482.5
614,12000.0,49543.64,successful,Emilia-Romagna,312.86366666666663
615,4000.0,6000.0,successful,Abruzzo,50.0
616,14000.0,14327.25,successful,Lombardia,2.3375
617,500.0,551.0,successful,Emilia-Romagna,10.2
618,15000.0,16787.0,successful,Emilia-Romagna,11.913333333333332
619,10000.0,36049.0,successful,Lazio,260.49
620,50.0,237.0,successful,Emilia-Romagna,374.0
621,25000.0,39681.0,successful,Lombardia,58.724
622,800.0,849.0,successful,Piemonte,6.125
623,10000.0,10545.0,successful,Veneto,5.45
624,3000.0,9381.0,successful,Piemonte,212.7
625,300.0,11764.0,successful,Lombardia,3821.333333333333
626,7000.0,12602.7,successful,Piemonte,80.03857142857143
627,777.0,789.0,successful,Lazio,1.5444015444015444
628,370.0,4675.0,successful,Piemonte,1163.5135135135135
629,1000.0,3100.0,successful,Lombardia,210.0
630,7000.0,8156.0,successful,Piemonte,16.514285714285716
631,6000.0,12352.0,successful,Lazio,105.86666666666666
632,1500.0,5135.0,successful,Calabria,242.33333333333334
633,25000.0,33472.0,successful,Lombardia,33.888
634,10000.0,14281.0,successful,Piemonte,42.809999999999995
635,500.0,536.0,successful,Lazio,7.199999999999999
636,1000.0,5721.0,successful,Veneto,472.1
637,5000.0,5534.0,successful,Friuli Venezia Giulia,10.68
638,900.0,1400.0,successful,Lazio,55.55555555555556
639,5000.0,6031.0,successful,Lazio,20.62
640,10.0,136.0,successful,Campania,1260.0
641,5000.0,5312.0,successful,Lazio,6.239999999999999
642,700.0,729.0,successful,Piemonte,4.142857142857142
643,300.0,309.0,successful,Toscana,3.0
644,150.0,151.0,successful,Lazio,0.6666666666666667
645,8500.0,8710.0,successful,Calabria,2.4705882352941173
646,1000.0,1065.0,successful,Lazio,6.5
647,900.0,3033.0,successful,Piemonte,237.0
648,20000.0,44753.0,successful,Lombardia,123.76499999999999
649,1700.0,2924.0,successful,Toscana,72.0
650,16700.0,17396.0,successful,Piemonte,4.167664670658683
651,2500.0,2521.0,successful,Lombardia,0.84
652,3000.0,9209.0,successful,Lombardia,206.96666666666664
653,900.0,3418.0,successful,Toscana,279.77777777777777
654,500.0,2614.0,successful,Lazio,422.79999999999995
655,20000.0,50394.0,successful,Lombardia,151.97
656,150.0,188.0,successful,Piemonte,25.333333333333336
657,16000.0,29164.0,successful,Lombardia,82.27499999999999
658,5200.0,5773.0,successful,Umbria,11.019230769230768
659,3500.0,13813.0,successful,Veneto,294.65714285714284
660,60000.0,143378.0,successful,Veneto,138.96333333333334
661,5000.0,6475.0,successful,Lombardia,29.5
662,3000.0,6397.0,successful,Sicilia,113.23333333333335
663,5000.0,8999.0,successful,Emilia-Romagna,79.97999999999999
664,20000.0,21969.0,successful,Lombardia,9.844999999999999
665,700.0,733.0,successful,Marche,4.714285714285714
666,13000.0,17482.0,successful,Lombardia,34.47692307692308
